Method,Job,AnalyzeLaunchVariance,EvaluateOverhead,MaxAbsoluteError,MaxRelativeError,MinInvokeCount,MinIterationTime,OutlierMode,Affinity,EnvironmentVariables,Jit,Platform,PowerPlanMode,Runtime,AllowVeryLargeObjects,Concurrent,CpuGroups,Force,HeapAffinitizeMask,HeapCount,NoAffinitize,RetainVm,Server,Arguments,BuildConfiguration,Clock,EngineFactory,NuGetReferences,Toolchain,IsMutator,InvocationCount,IterationCount,IterationTime,LaunchCount,MaxIterationCount,MaxWarmupIterationCount,MemoryRandomization,MinIterationCount,MinWarmupIterationCount,RunStrategy,UnrollFactor,WarmupCount,size,Mean,Error,StdDev,Median
InsertNearStartOfTable,Job-QPARYZ,False,Default,Default,Default,Default,Default,Default,11111111,Empty,RyuJit,X64,8c5e7fda-e8bf-4a96-9a85-a6e23a8c635c,.NET 6.0,False,True,False,True,Default,Default,False,False,False,Default,Default,Default,Default,Default,Default,Default,1,Default,Default,Default,Default,Default,Default,Default,Default,Default,1,Default,100,3.583 μs,0.3264 μs,0.9314 μs,3.400 μs
InsertAtMiddleOfTable,Job-QPARYZ,False,Default,Default,Default,Default,Default,Default,11111111,Empty,RyuJit,X64,8c5e7fda-e8bf-4a96-9a85-a6e23a8c635c,.NET 6.0,False,True,False,True,Default,Default,False,False,False,Default,Default,Default,Default,Default,Default,Default,1,Default,Default,Default,Default,Default,Default,Default,Default,Default,1,Default,100,2.623 μs,0.1398 μs,0.4033 μs,2.500 μs
InsertNearEndOfTable,Job-QPARYZ,False,Default,Default,Default,Default,Default,Default,11111111,Empty,RyuJit,X64,8c5e7fda-e8bf-4a96-9a85-a6e23a8c635c,.NET 6.0,False,True,False,True,Default,Default,False,False,False,Default,Default,Default,Default,Default,Default,Default,1,Default,Default,Default,Default,Default,Default,Default,Default,Default,1,Default,100,2.856 μs,0.3177 μs,0.8644 μs,2.500 μs
InsertNearStartOfTable,Job-QPARYZ,False,Default,Default,Default,Default,Default,Default,11111111,Empty,RyuJit,X64,8c5e7fda-e8bf-4a96-9a85-a6e23a8c635c,.NET 6.0,False,True,False,True,Default,Default,False,False,False,Default,Default,Default,Default,Default,Default,Default,1,Default,Default,Default,Default,Default,Default,Default,Default,Default,1,Default,1000,4.264 μs,0.3216 μs,0.9069 μs,3.900 μs
InsertAtMiddleOfTable,Job-QPARYZ,False,Default,Default,Default,Default,Default,Default,11111111,Empty,RyuJit,X64,8c5e7fda-e8bf-4a96-9a85-a6e23a8c635c,.NET 6.0,False,True,False,True,Default,Default,False,False,False,Default,Default,Default,Default,Default,Default,Default,1,Default,Default,Default,Default,Default,Default,Default,Default,Default,1,Default,1000,4.437 μs,0.3848 μs,1.0791 μs,4.000 μs
InsertNearEndOfTable,Job-QPARYZ,False,Default,Default,Default,Default,Default,Default,11111111,Empty,RyuJit,X64,8c5e7fda-e8bf-4a96-9a85-a6e23a8c635c,.NET 6.0,False,True,False,True,Default,Default,False,False,False,Default,Default,Default,Default,Default,Default,Default,1,Default,Default,Default,Default,Default,Default,Default,Default,Default,1,Default,1000,5.286 μs,0.7025 μs,1.9814 μs,4.400 μs
InsertNearStartOfTable,Job-QPARYZ,False,Default,Default,Default,Default,Default,Default,11111111,Empty,RyuJit,X64,8c5e7fda-e8bf-4a96-9a85-a6e23a8c635c,.NET 6.0,False,True,False,True,Default,Default,False,False,False,Default,Default,Default,Default,Default,Default,Default,1,Default,Default,Default,Default,Default,Default,Default,Default,Default,1,Default,10000,4.821 μs,0.3225 μs,0.9406 μs,4.600 μs
InsertAtMiddleOfTable,Job-QPARYZ,False,Default,Default,Default,Default,Default,Default,11111111,Empty,RyuJit,X64,8c5e7fda-e8bf-4a96-9a85-a6e23a8c635c,.NET 6.0,False,True,False,True,Default,Default,False,False,False,Default,Default,Default,Default,Default,Default,Default,1,Default,Default,Default,Default,Default,Default,Default,Default,Default,1,Default,10000,4.858 μs,0.2850 μs,0.7850 μs,4.800 μs
InsertNearEndOfTable,Job-QPARYZ,False,Default,Default,Default,Default,Default,Default,11111111,Empty,RyuJit,X64,8c5e7fda-e8bf-4a96-9a85-a6e23a8c635c,.NET 6.0,False,True,False,True,Default,Default,False,False,False,Default,Default,Default,Default,Default,Default,Default,1,Default,Default,Default,Default,Default,Default,Default,Default,Default,1,Default,10000,4.899 μs,0.3883 μs,1.0825 μs,4.700 μs
